file,gsm,timepoint,kind
GSM7511998_Sample1D_barcodes.tsv.gz,GSM7511998,,barcodes.tsv
GSM7511998_Sample1D_features.tsv.gz,GSM7511998,,features.tsv
GSM7511998_Sample1D_matrix.mtx.gz,GSM7511998,,matrix.mtx
GSM7511999_Sample2D_barcodes.tsv.gz,GSM7511999,,barcodes.tsv
GSM7511999_Sample2D_features.tsv.gz,GSM7511999,,features.tsv
GSM7511999_Sample2D_matrix.mtx.gz,GSM7511999,,matrix.mtx
GSM7512000_Sample3D_barcodes.tsv.gz,GSM7512000,,barcodes.tsv
GSM7512000_Sample3D_features.tsv.gz,GSM7512000,,features.tsv
GSM7512000_Sample3D_matrix.mtx.gz,GSM7512000,,matrix.mtx
GSM7512001_Sample3E_barcodes.tsv.gz,GSM7512001,,barcodes.tsv
GSM7512001_Sample3E_features.tsv.gz,GSM7512001,,features.tsv
GSM7512001_Sample3E_matrix.mtx.gz,GSM7512001,,matrix.mtx
GSM7512002_Sample4D_barcodes.tsv.gz,GSM7512002,,barcodes.tsv
GSM7512002_Sample4D_features.tsv.gz,GSM7512002,,features.tsv
GSM7512002_Sample4D_matrix.mtx.gz,GSM7512002,,matrix.mtx
GSM7512003_Sample5D_barcodes.tsv.gz,GSM7512003,,barcodes.tsv
GSM7512003_Sample5D_features.tsv.gz,GSM7512003,,features.tsv
GSM7512003_Sample5D_matrix.mtx.gz,GSM7512003,,matrix.mtx
GSM7512004_Sample5E_barcodes.tsv.gz,GSM7512004,,barcodes.tsv
GSM7512004_Sample5E_features.tsv.gz,GSM7512004,,features.tsv
GSM7512004_Sample5E_matrix.mtx.gz,GSM7512004,,matrix.mtx
GSM7512005_Sample5R_barcodes.tsv.gz,GSM7512005,,barcodes.tsv
GSM7512005_Sample5R_features.tsv.gz,GSM7512005,,features.tsv
GSM7512005_Sample5R_matrix.mtx.gz,GSM7512005,,matrix.mtx
GSM7512006_Sample6D_barcodes.tsv.gz,GSM7512006,,barcodes.tsv
GSM7512006_Sample6D_features.tsv.gz,GSM7512006,,features.tsv
GSM7512006_Sample6D_matrix.mtx.gz,GSM7512006,,matrix.mtx
GSM7512007_Sample6E_barcodes.tsv.gz,GSM7512007,,barcodes.tsv
GSM7512007_Sample6E_features.tsv.gz,GSM7512007,,features.tsv
GSM7512007_Sample6E_matrix.mtx.gz,GSM7512007,,matrix.mtx
GSM7512008_Sample6R_barcodes.tsv.gz,GSM7512008,,barcodes.tsv
GSM7512008_Sample6R_features.tsv.gz,GSM7512008,,features.tsv
GSM7512008_Sample6R_matrix.mtx.gz,GSM7512008,,matrix.mtx
GSM7512009_Sample7D_barcodes.tsv.gz,GSM7512009,,barcodes.tsv
GSM7512009_Sample7D_features.tsv.gz,GSM7512009,,features.tsv
GSM7512009_Sample7D_matrix.mtx.gz,GSM7512009,,matrix.mtx
GSM7512010_Sample8D_barcodes.tsv.gz,GSM7512010,,barcodes.tsv
GSM7512010_Sample8D_features.tsv.gz,GSM7512010,,features.tsv
GSM7512010_Sample8D_matrix.mtx.gz,GSM7512010,,matrix.mtx
GSM7512011_Sample9D_barcodes.tsv.gz,GSM7512011,,barcodes.tsv
GSM7512011_Sample9D_features.tsv.gz,GSM7512011,,features.tsv
GSM7512011_Sample9D_matrix.mtx.gz,GSM7512011,,matrix.mtx
GSM7512012_Sample10D_barcodes.tsv.gz,GSM7512012,,barcodes.tsv
GSM7512012_Sample10D_features.tsv.gz,GSM7512012,,features.tsv
GSM7512012_Sample10D_matrix.mtx.gz,GSM7512012,,matrix.mtx
GSM7512013_Sample11D_barcodes.tsv.gz,GSM7512013,,barcodes.tsv
GSM7512013_Sample11D_features.tsv.gz,GSM7512013,,features.tsv
GSM7512013_Sample11D_matrix.mtx.gz,GSM7512013,,matrix.mtx
GSM7512014_Sample12D_barcodes.tsv.gz,GSM7512014,,barcodes.tsv
GSM7512014_Sample12D_features.tsv.gz,GSM7512014,,features.tsv
GSM7512014_Sample12D_matrix.mtx.gz,GSM7512014,,matrix.mtx
GSM7512015_Sample13D_barcodes.tsv.gz,GSM7512015,,barcodes.tsv
GSM7512015_Sample13D_features.tsv.gz,GSM7512015,,features.tsv
GSM7512015_Sample13D_matrix.mtx.gz,GSM7512015,,matrix.mtx
GSM7512016_Sample14D_barcodes.tsv.gz,GSM7512016,,barcodes.tsv
GSM7512016_Sample14D_features.tsv.gz,GSM7512016,,features.tsv
GSM7512016_Sample14D_matrix.mtx.gz,GSM7512016,,matrix.mtx
GSM7512017_Sample14E_barcodes.tsv.gz,GSM7512017,,barcodes.tsv
GSM7512017_Sample14E_features.tsv.gz,GSM7512017,,features.tsv
GSM7512017_Sample14E_matrix.mtx.gz,GSM7512017,,matrix.mtx
GSM7512018_Sample15E_barcodes.tsv.gz,GSM7512018,,barcodes.tsv
GSM7512018_Sample15E_features.tsv.gz,GSM7512018,,features.tsv
GSM7512018_Sample15E_matrix.mtx.gz,GSM7512018,,matrix.mtx
GSM7512019_Sample16D_barcodes.tsv.gz,GSM7512019,,barcodes.tsv
GSM7512019_Sample16D_features.tsv.gz,GSM7512019,,features.tsv
GSM7512019_Sample16D_matrix.mtx.gz,GSM7512019,,matrix.mtx
GSM7512020_Sample16E_barcodes.tsv.gz,GSM7512020,,barcodes.tsv
GSM7512020_Sample16E_features.tsv.gz,GSM7512020,,features.tsv
GSM7512020_Sample16E_matrix.mtx.gz,GSM7512020,,matrix.mtx
GSM7512021_Sample17D_barcodes.tsv.gz,GSM7512021,,barcodes.tsv
GSM7512021_Sample17D_features.tsv.gz,GSM7512021,,features.tsv
GSM7512021_Sample17D_matrix.mtx.gz,GSM7512021,,matrix.mtx
GSM7512022_Sample17E_barcodes.tsv.gz,GSM7512022,,barcodes.tsv
GSM7512022_Sample17E_features.tsv.gz,GSM7512022,,features.tsv
GSM7512022_Sample17E_matrix.mtx.gz,GSM7512022,,matrix.mtx
GSM7512023_Sample18Dx_barcodes.tsv.gz,GSM7512023,,barcodes.tsv
GSM7512023_Sample18Dx_features.tsv.gz,GSM7512023,,features.tsv
GSM7512023_Sample18Dx_matrix.mtx.gz,GSM7512023,,matrix.mtx
GSM7512024_Sample18E_barcodes.tsv.gz,GSM7512024,,barcodes.tsv
GSM7512024_Sample18E_features.tsv.gz,GSM7512024,,features.tsv
GSM7512024_Sample18E_matrix.mtx.gz,GSM7512024,,matrix.mtx
GSM7512025_Sample19D_barcodes.tsv.gz,GSM7512025,,barcodes.tsv
GSM7512025_Sample19D_features.tsv.gz,GSM7512025,,features.tsv
GSM7512025_Sample19D_matrix.mtx.gz,GSM7512025,,matrix.mtx
GSM7512026_Sample19E_barcodes.tsv.gz,GSM7512026,,barcodes.tsv
GSM7512026_Sample19E_features.tsv.gz,GSM7512026,,features.tsv
GSM7512026_Sample19E_matrix.mtx.gz,GSM7512026,,matrix.mtx
GSM7512027_Sample20D_barcodes.tsv.gz,GSM7512027,,barcodes.tsv
GSM7512027_Sample20D_features.tsv.gz,GSM7512027,,features.tsv
GSM7512027_Sample20D_matrix.mtx.gz,GSM7512027,,matrix.mtx
GSM7512028_Sample20E_barcodes.tsv.gz,GSM7512028,,barcodes.tsv
GSM7512028_Sample20E_features.tsv.gz,GSM7512028,,features.tsv
GSM7512028_Sample20E_matrix.mtx.gz,GSM7512028,,matrix.mtx
gse235923_file_inventory.csv,,,other
